Image,target
aug_1_105.jpg,manipuri
aug_2_78.jpg,manipuri
aug_2_105.jpg,manipuri
aug_1_296.jpg,mohiniyattam
343.jpg,sattriya
502.jpg,odissi
aug_1_273.jpg,mohiniyattam
491.jpg,odissi
aug_3_39.jpg,kathak
aug_2_258.jpg,mohiniyattam
aug_3_83.jpg,manipuri
1.jpg,kathak
aug_0_288.jpg,mohiniyattam
aug_0_259.jpg,mohiniyattam
201.jpg,kathakali
aug_0_445.jpg,odissi
aug_0_328.jpg,sattriya
aug_3_60.jpg,kathak
aug_0_179.jpg,kathakali
aug_0_512.jpg,odissi
aug_1_134.jpg,bharatanatyam
aug_2_361.jpg,sattriya
353.jpg,sattriya
aug_2_409.jpg,kuchipudi
26.jpg,kathak
aug_0_181.jpg,kathakali
aug_2_184.jpg,kathakali
122.jpg,bharatanatyam
165.jpg,bharatanatyam
aug_2_3.jpg,kathak
aug_0_121.jpg,bharatanatyam
aug_3_475.jpg,odissi
289.jpg,mohiniyattam
aug_1_236.jpg,kathakali
aug_3_127.jpg,bharatanatyam
aug_2_26.jpg,kathak
aug_3_305.jpg,mohiniyattam
aug_3_174.jpg,bharatanatyam
aug_3_336.jpg,sattriya
aug_1_320.jpg,sattriya
aug_1_184.jpg,kathakali
aug_3_268.jpg,mohiniyattam
aug_2_10.jpg,kathak
aug_2_75.jpg,manipuri
aug_1_293.jpg,mohiniyattam
368.jpg,sattriya
aug_3_379.jpg,kuchipudi
aug_0_77.jpg,manipuri
aug_2_164.jpg,bharatanatyam
aug_3_260.jpg,mohiniyattam
aug_1_251.jpg,mohiniyattam
aug_0_63.jpg,kathak
aug_0_333.jpg,sattriya
aug_0_309.jpg,mohiniyattam
aug_2_19.jpg,kathak
aug_1_155.jpg,bharatanatyam
279.jpg,mohiniyattam
aug_0_299.jpg,mohiniyattam
109.jpg,manipuri
aug_3_337.jpg,sattriya
aug_3_79.jpg,manipuri
aug_1_102.jpg,manipuri
aug_0_449.jpg,odissi
aug_1_300.jpg,mohiniyattam
aug_3_400.jpg,kuchipudi
aug_1_69.jpg,manipuri
18.jpg,kathak
455.jpg,odissi
27.jpg,kathak
aug_1_254.jpg,mohiniyattam
aug_1_356.jpg,sattriya
382.jpg,kuchipudi
aug_2_300.jpg,mohiniyattam
aug_3_388.jpg,kuchipudi
aug_2_397.jpg,kuchipudi
aug_0_234.jpg,kathakali
379.jpg,kuchipudi
aug_3_52.jpg,kathak
aug_0_203.jpg,kathakali
287.jpg,mohiniyattam
141.jpg,bharatanatyam
aug_3_30.jpg,kathak
aug_1_252.jpg,mohiniyattam
aug_3_124.jpg,bharatanatyam
aug_2_192.jpg,kathakali
aug_2_96.jpg,manipuri
aug_0_450.jpg,odissi
aug_3_503.jpg,odissi
aug_1_272.jpg,mohiniyattam
367.jpg,sattriya
aug_3_51.jpg,kathak
60.jpg,kathak
aug_3_236.jpg,kathakali
aug_3_428.jpg,kuchipudi
aug_1_96.jpg,manipuri
aug_2_168.jpg,bharatanatyam
aug_0_141.jpg,bharatanatyam
aug_1_118.jpg,bharatanatyam
aug_1_274.jpg,mohiniyattam
aug_1_347.jpg,sattriya
aug_0_327.jpg,sattriya
aug_1_329.jpg,sattriya
260.jpg,mohiniyattam
137.jpg,bharatanatyam
aug_0_43.jpg,kathak
aug_0_310.jpg,mohiniyattam
aug_2_491.jpg,odissi
aug_0_126.jpg,bharatanatyam
aug_2_103.jpg,manipuri
341.jpg,sattriya
aug_0_24.jpg,kathak
aug_3_468.jpg,odissi
aug_2_124.jpg,bharatanatyam
aug_1_379.jpg,kuchipudi
aug_2_120.jpg,bharatanatyam
aug_3_180.jpg,kathakali
aug_0_118.jpg,bharatanatyam
aug_2_425.jpg,kuchipudi
aug_3_486.jpg,odissi
aug_3_252.jpg,mohiniyattam
aug_0_106.jpg,manipuri
aug_3_500.jpg,odissi
aug_2_337.jpg,sattriya
aug_0_142.jpg,bharatanatyam
aug_3_3.jpg,kathak
aug_0_451.jpg,odissi
aug_0_315.jpg,sattriya
aug_2_384.jpg,kuchipudi
435.jpg,kuchipudi
aug_3_351.jpg,sattriya
aug_3_154.jpg,bharatanatyam
aug_0_504.jpg,odissi
aug_0_68.jpg,manipuri
aug_0_474.jpg,odissi
aug_1_257.jpg,mohiniyattam
480.jpg,odissi
aug_2_25.jpg,kathak
aug_2_113.jpg,bharatanatyam
aug_0_204.jpg,kathakali
aug_1_78.jpg,manipuri
aug_3_492.jpg,odissi
aug_0_486.jpg,odissi
462.jpg,odissi
aug_0_155.jpg,bharatanatyam
118.jpg,bharatanatyam
96.jpg,manipuri
aug_3_384.jpg,kuchipudi
312.jpg,mohiniyattam
aug_2_483.jpg,odissi
62.jpg,kathak
aug_3_322.jpg,sattriya
aug_3_251.jpg,mohiniyattam
aug_3_509.jpg,odissi
aug_2_405.jpg,kuchipudi
82.jpg,manipuri
aug_3_247.jpg,mohiniyattam
aug_3_263.jpg,mohiniyattam
aug_2_16.jpg,kathak
481.jpg,odissi
aug_3_105.jpg,manipuri
295.jpg,mohiniyattam
aug_1_27.jpg,kathak
aug_0_195.jpg,kathakali
aug_3_266.jpg,mohiniyattam
aug_1_481.jpg,odissi
aug_3_434.jpg,kuchipudi
aug_3_117.jpg,bharatanatyam
aug_3_25.jpg,kathak
aug_1_326.jpg,sattriya
aug_1_140.jpg,bharatanatyam
aug_3_85.jpg,manipuri
aug_2_245.jpg,mohiniyattam
aug_0_158.jpg,bharatanatyam
aug_1_250.jpg,mohiniyattam
472.jpg,odissi
aug_1_219.jpg,kathakali
aug_0_305.jpg,mohiniyattam
aug_2_159.jpg,bharatanatyam
aug_1_369.jpg,sattriya
aug_3_352.jpg,sattriya
aug_3_78.jpg,manipuri
aug_0_336.jpg,sattriya
aug_2_444.jpg,odissi
aug_0_377.jpg,kuchipudi
aug_3_244.jpg,mohiniyattam
235.jpg,kathakali
aug_3_455.jpg,odissi
aug_3_31.jpg,kathak
aug_1_74.jpg,manipuri
aug_2_101.jpg,manipuri
124.jpg,bharatanatyam
aug_0_345.jpg,sattriya
aug_1_496.jpg,odissi
355.jpg,sattriya
aug_1_436.jpg,kuchipudi
aug_1_376.jpg,kuchipudi
aug_2_435.jpg,kuchipudi
aug_3_334.jpg,sattriya
aug_1_500.jpg,odissi
aug_3_240.jpg,kathakali
aug_1_313.jpg,sattriya
aug_3_19.jpg,kathak
130.jpg,bharatanatyam
aug_0_476.jpg,odissi
aug_0_403.jpg,kuchipudi
aug_3_164.jpg,bharatanatyam
aug_2_404.jpg,kuchipudi
aug_1_381.jpg,kuchipudi
496.jpg,odissi
aug_0_245.jpg,mohiniyattam
aug_0_420.jpg,kuchipudi
515.jpg,odissi
aug_1_469.jpg,odissi
aug_1_462.jpg,odissi
aug_3_82.jpg,manipuri
501.jpg,odissi
aug_3_94.jpg,manipuri
aug_2_144.jpg,bharatanatyam
aug_3_126.jpg,bharatanatyam
aug_2_37.jpg,kathak
aug_0_334.jpg,sattriya
aug_0_140.jpg,bharatanatyam
aug_3_356.jpg,sattriya
aug_2_42.jpg,kathak
aug_1_214.jpg,kathakali
212.jpg,kathakali
aug_2_423.jpg,kuchipudi
aug_0_69.jpg,manipuri
519.jpg,odissi
aug_0_371.jpg,sattriya
aug_0_489.jpg,odissi
aug_3_115.jpg,bharatanatyam
89.jpg,manipuri
aug_2_333.jpg,sattriya
aug_3_204.jpg,kathakali
aug_2_139.jpg,bharatanatyam
aug_1_222.jpg,kathakali
319.jpg,sattriya
471.jpg,odissi
70.jpg,manipuri
aug_0_308.jpg,mohiniyattam
aug_3_12.jpg,kathak
151.jpg,bharatanatyam
aug_2_347.jpg,sattriya
aug_2_63.jpg,kathak
aug_0_453.jpg,odissi
aug_0_169.jpg,bharatanatyam
aug_3_370.jpg,sattriya
aug_2_287.jpg,mohiniyattam
aug_1_143.jpg,bharatanatyam
aug_2_453.jpg,odissi
aug_2_241.jpg,kathakali
aug_3_120.jpg,bharatanatyam
10.jpg,kathak
aug_0_50.jpg,kathak
aug_3_191.jpg,kathakali
aug_1_15.jpg,kathak
aug_3_245.jpg,mohiniyattam
aug_3_161.jpg,bharatanatyam
aug_0_261.jpg,mohiniyattam
aug_2_166.jpg,bharatanatyam
aug_0_115.jpg,bharatanatyam
aug_1_331.jpg,sattriya
aug_3_408.jpg,kuchipudi
339.jpg,sattriya
aug_2_158.jpg,bharatanatyam
aug_2_466.jpg,odissi
aug_0_251.jpg,mohiniyattam
aug_2_70.jpg,manipuri
aug_3_168.jpg,bharatanatyam
aug_3_155.jpg,bharatanatyam
aug_2_134.jpg,bharatanatyam
aug_3_489.jpg,odissi
aug_0_383.jpg,kuchipudi
aug_3_116.jpg,bharatanatyam
aug_1_207.jpg,kathakali
aug_0_499.jpg,odissi
aug_1_472.jpg,odissi
aug_3_42.jpg,kathak
aug_0_22.jpg,kathak
aug_1_298.jpg,mohiniyattam
aug_3_212.jpg,kathakali
aug_1_90.jpg,manipuri
aug_0_8.jpg,kathak
aug_1_75.jpg,manipuri
aug_0_52.jpg,kathak
aug_3_415.jpg,kuchipudi
297.jpg,mohiniyattam
aug_3_387.jpg,kuchipudi
aug_3_267.jpg,mohiniyattam
aug_1_407.jpg,kuchipudi
aug_0_250.jpg,mohiniyattam
aug_3_192.jpg,kathakali
aug_0_191.jpg,kathakali
aug_0_174.jpg,bharatanatyam
aug_3_88.jpg,manipuri
aug_3_367.jpg,sattriya
aug_1_62.jpg,kathak
413.jpg,kuchipudi
aug_3_109.jpg,manipuri
187.jpg,kathakali
aug_3_49.jpg,kathak
aug_2_255.jpg,mohiniyattam
261.jpg,mohiniyattam
aug_2_221.jpg,kathakali
387.jpg,kuchipudi
84.jpg,manipuri
aug_2_12.jpg,kathak
aug_2_430.jpg,kuchipudi
aug_3_265.jpg,mohiniyattam
39.jpg,kathak
321.jpg,sattriya
30.jpg,kathak
aug_0_237.jpg,kathakali
aug_1_133.jpg,bharatanatyam
aug_0_107.jpg,manipuri
aug_0_274.jpg,mohiniyattam
aug_3_300.jpg,mohiniyattam
aug_2_469.jpg,odissi
aug_0_164.jpg,bharatanatyam
aug_2_227.jpg,kathakali
140.jpg,bharatanatyam
aug_2_188.jpg,kathakali
aug_2_21.jpg,kathak
aug_2_137.jpg,bharatanatyam
aug_2_288.jpg,mohiniyattam
aug_3_131.jpg,bharatanatyam
aug_0_297.jpg,mohiniyattam
aug_2_177.jpg,bharatanatyam
aug_1_91.jpg,manipuri
aug_0_197.jpg,kathakali
aug_3_282.jpg,mohiniyattam
25.jpg,kathak
aug_3_231.jpg,kathakali
aug_2_235.jpg,kathakali
aug_3_312.jpg,mohiniyattam
430.jpg,kuchipudi
aug_2_304.jpg,mohiniyattam
466.jpg,odissi
aug_0_199.jpg,kathakali
aug_3_476.jpg,odissi
aug_3_73.jpg,manipuri
aug_0_51.jpg,kathak
aug_1_262.jpg,mohiniyattam
aug_0_177.jpg,bharatanatyam
aug_3_219.jpg,kathakali
aug_1_7.jpg,kathak
aug_1_468.jpg,odissi
aug_0_163.jpg,bharatanatyam
91.jpg,manipuri
aug_1_73.jpg,manipuri
aug_0_298.jpg,mohiniyattam
aug_0_166.jpg,bharatanatyam
305.jpg,mohiniyattam
aug_0_16.jpg,kathak
aug_3_26.jpg,kathak
aug_1_265.jpg,mohiniyattam
aug_0_296.jpg,mohiniyattam
425.jpg,kuchipudi
aug_0_425.jpg,kuchipudi
338.jpg,sattriya
aug_1_87.jpg,manipuri
205.jpg,kathakali
aug_3_68.jpg,manipuri
aug_1_177.jpg,bharatanatyam
464.jpg,odissi
75.jpg,manipuri
aug_1_85.jpg,manipuri
aug_3_261.jpg,mohiniyattam
356.jpg,sattriya
aug_3_230.jpg,kathakali
2.jpg,kathak
aug_0_249.jpg,mohiniyattam
407.jpg,kuchipudi
aug_1_404.jpg,kuchipudi
aug_1_418.jpg,kuchipudi
aug_0_267.jpg,mohiniyattam
aug_0_400.jpg,kuchipudi
aug_2_208.jpg,kathakali
266.jpg,mohiniyattam
aug_3_446.jpg,odissi
459.jpg,odissi
222.jpg,kathakali
aug_0_219.jpg,kathakali
aug_2_314.jpg,sattriya
aug_0_90.jpg,manipuri
aug_1_192.jpg,kathakali
aug_1_186.jpg,kathakali
aug_1_477.jpg,odissi
aug_2_76.jpg,manipuri
242.jpg,kathakali
aug_1_53.jpg,kathak
aug_0_211.jpg,kathakali
aug_3_54.jpg,kathak
aug_0_58.jpg,kathak
aug_1_109.jpg,manipuri
aug_2_331.jpg,sattriya
aug_2_52.jpg,kathak
251.jpg,mohiniyattam
aug_2_515.jpg,odissi
8.jpg,kathak
aug_2_257.jpg,mohiniyattam
aug_2_15.jpg,kathak
aug_0_382.jpg,kuchipudi
aug_0_399.jpg,kuchipudi
aug_3_50.jpg,kathak
aug_2_253.jpg,mohiniyattam
53.jpg,kathak
144.jpg,bharatanatyam
aug_2_434.jpg,kuchipudi
aug_2_297.jpg,mohiniyattam
aug_0_178.jpg,kathakali
aug_1_312.jpg,mohiniyattam
aug_1_309.jpg,mohiniyattam
aug_2_131.jpg,bharatanatyam
aug_2_492.jpg,odissi
433.jpg,kuchipudi
320.jpg,sattriya
aug_2_281.jpg,mohiniyattam
aug_3_326.jpg,sattriya
aug_2_367.jpg,sattriya
aug_3_355.jpg,sattriya
aug_3_497.jpg,odissi
aug_0_240.jpg,kathakali
aug_2_219.jpg,kathakali
aug_3_376.jpg,kuchipudi
aug_3_464.jpg,odissi
aug_0_62.jpg,kathak
aug_2_151.jpg,bharatanatyam
aug_3_449.jpg,odissi
aug_2_391.jpg,kuchipudi
469.jpg,odissi
442.jpg,kuchipudi
aug_1_22.jpg,kathak
aug_1_94.jpg,manipuri
aug_2_351.jpg,sattriya
aug_0_320.jpg,sattriya
aug_2_154.jpg,bharatanatyam
aug_1_29.jpg,kathak
aug_0_168.jpg,bharatanatyam
aug_2_299.jpg,mohiniyattam
267.jpg,mohiniyattam
aug_2_334.jpg,sattriya
aug_3_21.jpg,kathak
aug_3_451.jpg,odissi
aug_1_72.jpg,manipuri
aug_0_263.jpg,mohiniyattam
aug_2_379.jpg,kuchipudi
aug_2_499.jpg,odissi
aug_1_451.jpg,odissi
98.jpg,manipuri
aug_0_494.jpg,odissi
aug_1_43.jpg,kathak
aug_0_79.jpg,manipuri
aug_3_235.jpg,kathakali
aug_2_329.jpg,sattriya
aug_0_156.jpg,bharatanatyam
aug_2_365.jpg,sattriya
aug_0_372.jpg,sattriya
aug_2_117.jpg,bharatanatyam
aug_0_281.jpg,mohiniyattam
aug_2_94.jpg,manipuri
326.jpg,sattriya
aug_3_233.jpg,kathakali
aug_0_192.jpg,kathakali
aug_0_72.jpg,manipuri
aug_3_142.jpg,bharatanatyam
aug_2_516.jpg,odissi
aug_1_409.jpg,kuchipudi
aug_1_311.jpg,mohiniyattam
aug_1_249.jpg,mohiniyattam
aug_0_31.jpg,kathak
aug_3_225.jpg,kathakali
aug_3_43.jpg,kathak
aug_1_205.jpg,kathakali
aug_3_444.jpg,odissi
aug_2_211.jpg,kathakali
aug_2_116.jpg,bharatanatyam
aug_1_322.jpg,sattriya
409.jpg,kuchipudi
74.jpg,manipuri
aug_1_168.jpg,bharatanatyam
aug_1_237.jpg,kathakali
190.jpg,kathakali
331.jpg,sattriya
aug_3_253.jpg,mohiniyattam
aug_2_2.jpg,kathak
aug_2_230.jpg,kathakali
aug_0_418.jpg,kuchipudi
186.jpg,kathakali
486.jpg,odissi
aug_3_205.jpg,kathakali
aug_0_503.jpg,odissi
aug_1_2.jpg,kathak
aug_3_425.jpg,kuchipudi
aug_0_446.jpg,odissi
aug_1_419.jpg,kuchipudi
aug_1_58.jpg,kathak
aug_1_432.jpg,kuchipudi
aug_0_133.jpg,bharatanatyam
15.jpg,kathak
aug_3_423.jpg,kuchipudi
aug_1_328.jpg,sattriya
aug_1_51.jpg,kathak
aug_0_406.jpg,kuchipudi
aug_3_62.jpg,kathak
aug_1_383.jpg,kuchipudi
aug_2_130.jpg,bharatanatyam
aug_3_502.jpg,odissi
aug_2_1.jpg,kathak
aug_0_91.jpg,manipuri
370.jpg,sattriya
aug_3_135.jpg,bharatanatyam
aug_3_101.jpg,manipuri
aug_1_368.jpg,sattriya
aug_2_303.jpg,mohiniyattam
475.jpg,odissi
aug_1_268.jpg,mohiniyattam
aug_3_102.jpg,manipuri
aug_3_371.jpg,sattriya
aug_2_387.jpg,kuchipudi
aug_3_241.jpg,kathakali
5.jpg,kathak
aug_3_148.jpg,bharatanatyam
aug_3_130.jpg,bharatanatyam
aug_1_277.jpg,mohiniyattam
87.jpg,manipuri
230.jpg,kathakali
aug_2_254.jpg,mohiniyattam
131.jpg,bharatanatyam
aug_2_205.jpg,kathakali
aug_1_341.jpg,sattriya
176.jpg,bharatanatyam
aug_0_454.jpg,odissi
aug_3_214.jpg,kathakali
aug_2_242.jpg,kathakali
aug_0_136.jpg,bharatanatyam
aug_3_383.jpg,kuchipudi
aug_2_88.jpg,manipuri
aug_3_63.jpg,kathak
294.jpg,mohiniyattam
aug_0_287.jpg,mohiniyattam
aug_2_519.jpg,odissi
aug_0_344.jpg,sattriya
aug_0_376.jpg,kuchipudi
aug_1_489.jpg,odissi
aug_2_355.jpg,sattriya
aug_3_389.jpg,kuchipudi
aug_3_311.jpg,mohiniyattam
aug_1_297.jpg,mohiniyattam
aug_3_143.jpg,bharatanatyam
aug_2_160.jpg,bharatanatyam
aug_3_257.jpg,mohiniyattam
aug_2_99.jpg,manipuri
aug_3_197.jpg,kathakali
504.jpg,odissi
aug_2_475.jpg,odissi
aug_3_140.jpg,bharatanatyam
aug_1_423.jpg,kuchipudi
aug_3_329.jpg,sattriya
274.jpg,mohiniyattam
299.jpg,mohiniyattam
aug_1_21.jpg,kathak
aug_2_451.jpg,odissi
aug_3_443.jpg,kuchipudi
aug_3_234.jpg,kathakali
aug_3_359.jpg,sattriya
aug_0_468.jpg,odissi
aug_0_361.jpg,sattriya
aug_3_347.jpg,sattriya
180.jpg,kathakali
68.jpg,manipuri
49.jpg,kathak
aug_3_243.jpg,kathakali
aug_0_218.jpg,kathakali
aug_0_300.jpg,mohiniyattam
aug_2_149.jpg,bharatanatyam
aug_1_396.jpg,kuchipudi
aug_0_235.jpg,kathakali
352.jpg,sattriya
aug_2_488.jpg,odissi
aug_0_186.jpg,kathakali
250.jpg,mohiniyattam
aug_3_81.jpg,manipuri
aug_3_163.jpg,bharatanatyam
aug_1_405.jpg,kuchipudi
489.jpg,odissi
296.jpg,mohiniyattam
aug_2_195.jpg,kathakali
aug_3_477.jpg,odissi
76.jpg,manipuri
aug_2_389.jpg,kuchipudi
aug_0_434.jpg,kuchipudi
aug_3_186.jpg,kathakali
aug_2_311.jpg,mohiniyattam
422.jpg,kuchipudi
aug_1_279.jpg,mohiniyattam
aug_2_135.jpg,bharatanatyam
aug_2_109.jpg,manipuri
512.jpg,odissi
aug_1_89.jpg,manipuri
aug_3_493.jpg,odissi
aug_3_249.jpg,mohiniyattam
aug_3_58.jpg,kathak
aug_0_500.jpg,odissi
aug_0_471.jpg,odissi
107.jpg,manipuri
aug_3_281.jpg,mohiniyattam
52.jpg,kathak
aug_3_24.jpg,kathak
262.jpg,mohiniyattam
aug_0_368.jpg,sattriya
aug_1_282.jpg,mohiniyattam
aug_1_54.jpg,kathak
aug_1_227.jpg,kathakali
aug_2_452.jpg,odissi
aug_0_407.jpg,kuchipudi
aug_2_169.jpg,bharatanatyam
aug_1_499.jpg,odissi
aug_1_435.jpg,kuchipudi
aug_0_231.jpg,kathakali
aug_2_305.jpg,mohiniyattam
aug_2_93.jpg,manipuri
aug_0_4.jpg,kathak
aug_1_153.jpg,bharatanatyam
aug_3_27.jpg,kathak
228.jpg,kathakali
478.jpg,odissi
aug_1_337.jpg,sattriya
aug_2_261.jpg,mohiniyattam
aug_3_319.jpg,sattriya
aug_1_364.jpg,sattriya
aug_3_69.jpg,manipuri
aug_0_32.jpg,kathak
aug_3_287.jpg,mohiniyattam
aug_0_262.jpg,mohiniyattam
257.jpg,mohiniyattam
aug_1_77.jpg,manipuri
aug_2_60.jpg,kathak
aug_2_471.jpg,odissi
345.jpg,sattriya
121.jpg,bharatanatyam
325.jpg,sattriya
aug_3_158.jpg,bharatanatyam
298.jpg,mohiniyattam
aug_3_18.jpg,kathak
aug_0_30.jpg,kathak
aug_0_311.jpg,mohiniyattam
aug_2_156.jpg,bharatanatyam
aug_3_134.jpg,bharatanatyam
aug_0_442.jpg,kuchipudi
47.jpg,kathak
415.jpg,kuchipudi
aug_2_228.jpg,kathakali
aug_1_148.jpg,bharatanatyam
aug_3_496.jpg,odissi
aug_0_478.jpg,odissi
293.jpg,mohiniyattam
aug_1_450.jpg,odissi
aug_1_167.jpg,bharatanatyam
400.jpg,kuchipudi
aug_2_98.jpg,manipuri
aug_3_111.jpg,manipuri
310.jpg,mohiniyattam
aug_1_141.jpg,bharatanatyam
aug_3_223.jpg,kathakali
aug_0_313.jpg,sattriya
aug_2_90.jpg,manipuri
aug_0_477.jpg,odissi
aug_1_365.jpg,sattriya
aug_0_78.jpg,manipuri
aug_1_101.jpg,manipuri
aug_1_406.jpg,kuchipudi
aug_3_53.jpg,kathak
aug_1_412.jpg,kuchipudi
aug_2_69.jpg,manipuri
aug_2_418.jpg,kuchipudi
aug_0_293.jpg,mohiniyattam
477.jpg,odissi
aug_0_99.jpg,manipuri
aug_0_187.jpg,kathakali
aug_3_96.jpg,manipuri
aug_0_103.jpg,manipuri
aug_0_137.jpg,bharatanatyam
aug_2_326.jpg,sattriya
aug_3_362.jpg,sattriya
aug_3_341.jpg,sattriya
aug_3_289.jpg,mohiniyattam
aug_2_480.jpg,odissi
aug_1_240.jpg,kathakali
aug_0_304.jpg,mohiniyattam
aug_1_310.jpg,mohiniyattam
aug_3_182.jpg,kathakali
aug_1_425.jpg,kuchipudi
aug_3_519.jpg,odissi
63.jpg,kathak
aug_0_37.jpg,kathak
aug_2_44.jpg,kathak
aug_0_73.jpg,manipuri
aug_1_120.jpg,bharatanatyam
aug_3_308.jpg,mohiniyattam
aug_3_72.jpg,manipuri
aug_0_56.jpg,kathak
aug_3_344.jpg,sattriya
aug_1_402.jpg,kuchipudi
aug_1_82.jpg,manipuri
aug_1_99.jpg,manipuri
aug_0_233.jpg,kathakali
aug_2_407.jpg,kuchipudi
164.jpg,bharatanatyam
aug_0_268.jpg,mohiniyattam
337.jpg,sattriya
aug_3_160.jpg,bharatanatyam
aug_2_248.jpg,mohiniyattam
aug_0_502.jpg,odissi
aug_1_492.jpg,odissi
aug_0_393.jpg,kuchipudi
aug_0_243.jpg,kathakali
aug_1_204.jpg,kathakali
aug_3_320.jpg,sattriya
aug_0_402.jpg,kuchipudi
aug_3_432.jpg,kuchipudi
aug_2_199.jpg,kathakali
aug_3_345.jpg,sattriya
aug_1_233.jpg,kathakali
aug_1_345.jpg,sattriya
aug_2_426.jpg,kuchipudi
396.jpg,kuchipudi
aug_0_165.jpg,bharatanatyam
aug_1_31.jpg,kathak
313.jpg,sattriya
aug_1_338.jpg,sattriya
aug_0_100.jpg,manipuri
aug_3_153.jpg,bharatanatyam
aug_0_432.jpg,kuchipudi
aug_1_84.jpg,manipuri
aug_0_230.jpg,kathakali
aug_3_357.jpg,sattriya
247.jpg,mohiniyattam
aug_0_282.jpg,mohiniyattam
aug_0_53.jpg,kathak
258.jpg,mohiniyattam
aug_0_381.jpg,kuchipudi
aug_3_242.jpg,kathakali
aug_2_309.jpg,mohiniyattam
aug_1_163.jpg,bharatanatyam
263.jpg,mohiniyattam
237.jpg,kathakali
aug_3_382.jpg,kuchipudi
aug_3_472.jpg,odissi
aug_1_245.jpg,mohiniyattam
288.jpg,mohiniyattam
aug_0_122.jpg,bharatanatyam
aug_0_350.jpg,sattriya
123.jpg,bharatanatyam
aug_2_312.jpg,mohiniyattam
aug_0_109.jpg,manipuri
32.jpg,kathak
aug_1_156.jpg,bharatanatyam
aug_2_214.jpg,kathakali
490.jpg,odissi
aug_1_267.jpg,mohiniyattam
aug_2_512.jpg,odissi
aug_0_322.jpg,sattriya
328.jpg,sattriya
105.jpg,manipuri
154.jpg,bharatanatyam
aug_0_513.jpg,odissi
aug_1_319.jpg,sattriya
aug_3_381.jpg,kuchipudi
aug_2_136.jpg,bharatanatyam
aug_1_348.jpg,sattriya
aug_2_127.jpg,bharatanatyam
aug_3_494.jpg,odissi
178.jpg,kathakali
aug_2_339.jpg,sattriya
aug_3_121.jpg,bharatanatyam
aug_3_66.jpg,kathak
aug_3_98.jpg,manipuri
156.jpg,bharatanatyam
aug_3_70.jpg,manipuri
aug_2_446.jpg,odissi
aug_1_160.jpg,bharatanatyam
aug_3_413.jpg,kuchipudi
aug_0_341.jpg,sattriya
aug_1_434.jpg,kuchipudi
aug_3_466.jpg,odissi
aug_1_259.jpg,mohiniyattam
399.jpg,kuchipudi
350.jpg,sattriya
aug_3_258.jpg,mohiniyattam
aug_2_213.jpg,kathakali
aug_0_307.jpg,mohiniyattam
204.jpg,kathakali
aug_1_182.jpg,kathakali
aug_0_209.jpg,kathakali
aug_2_417.jpg,kuchipudi
aug_0_469.jpg,odissi
aug_2_455.jpg,odissi
aug_1_478.jpg,odissi
aug_2_259.jpg,mohiniyattam
aug_1_399.jpg,kuchipudi
aug_0_130.jpg,bharatanatyam
aug_2_274.jpg,mohiniyattam
aug_0_483.jpg,odissi
aug_1_350.jpg,sattriya
403.jpg,kuchipudi
aug_0_462.jpg,odissi
329.jpg,sattriya
aug_2_27.jpg,kathak
aug_3_208.jpg,kathakali
149.jpg,bharatanatyam
aug_0_351.jpg,sattriya
aug_1_158.jpg,bharatanatyam
aug_2_54.jpg,kathak
aug_3_229.jpg,kathakali
aug_1_371.jpg,sattriya
aug_2_408.jpg,kuchipudi
aug_2_115.jpg,bharatanatyam
aug_3_179.jpg,kathakali
aug_0_475.jpg,odissi
aug_0_353.jpg,sattriya
aug_3_172.jpg,bharatanatyam
aug_0_2.jpg,kathak
aug_0_516.jpg,odissi
377.jpg,kuchipudi
aug_2_500.jpg,odissi
aug_2_22.jpg,kathak
402.jpg,kuchipudi
aug_0_369.jpg,sattriya
aug_1_307.jpg,mohiniyattam
aug_1_195.jpg,kathakali
aug_2_5.jpg,kathak
161.jpg,bharatanatyam
357.jpg,sattriya
aug_2_155.jpg,bharatanatyam
aug_3_255.jpg,mohiniyattam
aug_3_213.jpg,kathakali
93.jpg,manipuri
aug_2_433.jpg,kuchipudi
aug_3_103.jpg,manipuri
aug_2_450.jpg,odissi
aug_3_77.jpg,manipuri
aug_3_136.jpg,bharatanatyam
aug_3_490.jpg,odissi
aug_0_452.jpg,odissi
aug_0_480.jpg,odissi
aug_2_123.jpg,bharatanatyam
aug_1_93.jpg,manipuri
12.jpg,kathak
aug_2_364.jpg,sattriya
aug_2_4.jpg,kathak
aug_3_149.jpg,bharatanatyam
aug_3_93.jpg,manipuri
aug_1_515.jpg,odissi
aug_1_176.jpg,bharatanatyam
aug_1_449.jpg,odissi
83.jpg,manipuri
aug_2_107.jpg,manipuri
aug_2_8.jpg,kathak
327.jpg,sattriya
aug_1_174.jpg,bharatanatyam
234.jpg,kathakali
aug_3_8.jpg,kathak
aug_2_209.jpg,kathakali
aug_0_412.jpg,kuchipudi
aug_2_370.jpg,sattriya
aug_1_242.jpg,kathakali
148.jpg,bharatanatyam
aug_1_46.jpg,kathak
aug_2_53.jpg,kathak
aug_3_254.jpg,mohiniyattam
273.jpg,mohiniyattam
aug_0_123.jpg,bharatanatyam
aug_0_227.jpg,kathakali
aug_2_203.jpg,kathakali
aug_1_60.jpg,kathak
322.jpg,sattriya
aug_3_501.jpg,odissi
aug_1_497.jpg,odissi
aug_3_407.jpg,kuchipudi
aug_1_377.jpg,kuchipudi
aug_1_359.jpg,sattriya
94.jpg,manipuri
aug_1_190.jpg,kathakali
101.jpg,manipuri
77.jpg,manipuri
aug_3_445.jpg,odissi
aug_3_343.jpg,sattriya
aug_0_12.jpg,kathak
aug_0_277.jpg,mohiniyattam
aug_2_249.jpg,mohiniyattam
aug_1_180.jpg,kathakali
aug_2_352.jpg,sattriya
aug_1_50.jpg,kathak
133.jpg,bharatanatyam
aug_2_289.jpg,mohiniyattam
aug_1_83.jpg,manipuri
aug_2_106.jpg,manipuri
aug_0_253.jpg,mohiniyattam
aug_1_459.jpg,odissi
aug_2_51.jpg,kathak
aug_0_491.jpg,odissi
aug_2_18.jpg,kathak
aug_1_486.jpg,odissi
aug_2_207.jpg,kathakali
aug_1_327.jpg,sattriya
476.jpg,odissi
aug_2_319.jpg,sattriya
aug_0_102.jpg,manipuri
aug_1_504.jpg,odissi
192.jpg,kathakali
aug_1_19.jpg,kathak
420.jpg,kuchipudi
aug_3_250.jpg,mohiniyattam
aug_3_313.jpg,sattriya
90.jpg,manipuri
227.jpg,kathakali
aug_3_199.jpg,kathakali
aug_2_118.jpg,bharatanatyam
aug_2_428.jpg,kuchipudi
aug_2_432.jpg,kuchipudi
aug_2_91.jpg,manipuri
aug_2_46.jpg,kathak
aug_3_426.jpg,kuchipudi
aug_0_365.jpg,sattriya
aug_2_415.jpg,kuchipudi
aug_2_181.jpg,kathakali
aug_1_305.jpg,mohiniyattam
aug_3_273.jpg,mohiniyattam
aug_0_422.jpg,kuchipudi
aug_3_237.jpg,kathakali
aug_0_335.jpg,sattriya
aug_0_343.jpg,sattriya
aug_3_118.jpg,bharatanatyam
aug_0_116.jpg,bharatanatyam
aug_1_3.jpg,kathak
aug_1_387.jpg,kuchipudi
aug_1_229.jpg,kathakali
aug_0_419.jpg,kuchipudi
243.jpg,kathakali
aug_0_3.jpg,kathak
aug_0_127.jpg,bharatanatyam
aug_3_364.jpg,sattriya
aug_3_513.jpg,odissi
aug_3_274.jpg,mohiniyattam
aug_3_377.jpg,kuchipudi
aug_2_476.jpg,odissi
aug_0_1.jpg,kathak
aug_2_229.jpg,kathakali
aug_1_428.jpg,kuchipudi
aug_2_383.jpg,kuchipudi
209.jpg,kathakali
aug_0_370.jpg,sattriya
aug_3_303.jpg,mohiniyattam
aug_3_516.jpg,odissi
381.jpg,kuchipudi
aug_3_113.jpg,bharatanatyam
aug_3_491.jpg,odissi
aug_0_134.jpg,bharatanatyam
51.jpg,kathak
aug_1_452.jpg,odissi
aug_0_98.jpg,manipuri
432.jpg,kuchipudi
aug_0_265.jpg,mohiniyattam
aug_0_428.jpg,kuchipudi
336.jpg,sattriya
aug_3_277.jpg,mohiniyattam
aug_2_277.jpg,mohiniyattam
aug_0_455.jpg,odissi
249.jpg,mohiniyattam
aug_0_433.jpg,kuchipudi
174.jpg,bharatanatyam
73.jpg,manipuri
aug_3_335.jpg,sattriya
aug_0_389.jpg,kuchipudi
aug_2_335.jpg,sattriya
aug_2_167.jpg,bharatanatyam
aug_2_47.jpg,kathak
aug_0_149.jpg,bharatanatyam
aug_1_104.jpg,manipuri
aug_2_294.jpg,mohiniyattam
aug_1_44.jpg,kathak
492.jpg,odissi
aug_3_368.jpg,sattriya
516.jpg,odissi
aug_2_29.jpg,kathak
aug_0_294.jpg,mohiniyattam
aug_0_417.jpg,kuchipudi
aug_2_30.jpg,kathak
aug_1_314.jpg,sattriya
aug_0_222.jpg,kathakali
aug_2_307.jpg,mohiniyattam
aug_3_279.jpg,mohiniyattam
aug_1_42.jpg,kathak
54.jpg,kathak
aug_3_4.jpg,kathak
aug_0_379.jpg,kuchipudi
aug_1_106.jpg,manipuri
aug_2_315.jpg,sattriya
276.jpg,mohiniyattam
aug_0_143.jpg,bharatanatyam
aug_1_493.jpg,odissi
aug_1_480.jpg,odissi
aug_3_328.jpg,sattriya
aug_0_367.jpg,sattriya
aug_2_178.jpg,kathakali
aug_3_151.jpg,bharatanatyam
254.jpg,mohiniyattam
281.jpg,mohiniyattam
aug_2_43.jpg,kathak
aug_1_475.jpg,odissi
aug_2_163.jpg,bharatanatyam
aug_0_395.jpg,kuchipudi
aug_2_477.jpg,odissi
aug_3_166.jpg,bharatanatyam
aug_2_260.jpg,mohiniyattam
aug_2_36.jpg,kathak
aug_0_326.jpg,sattriya
aug_0_39.jpg,kathak
aug_2_201.jpg,kathakali
219.jpg,kathakali
aug_3_169.jpg,bharatanatyam
aug_1_335.jpg,sattriya
aug_1_188.jpg,kathakali
aug_2_472.jpg,odissi
aug_3_5.jpg,kathak
aug_1_115.jpg,bharatanatyam
308.jpg,mohiniyattam
aug_3_297.jpg,mohiniyattam
361.jpg,sattriya
aug_0_201.jpg,kathakali
153.jpg,bharatanatyam
aug_1_509.jpg,odissi
aug_1_124.jpg,bharatanatyam
aug_3_406.jpg,kuchipudi
aug_0_18.jpg,kathak
aug_3_100.jpg,manipuri
85.jpg,manipuri
347.jpg,sattriya
aug_1_444.jpg,odissi
499.jpg,odissi
139.jpg,bharatanatyam
aug_1_66.jpg,kathak
aug_0_25.jpg,kathak
aug_3_165.jpg,bharatanatyam
aug_1_388.jpg,kuchipudi
aug_0_120.jpg,bharatanatyam
aug_1_32.jpg,kathak
aug_1_161.jpg,bharatanatyam
aug_0_84.jpg,manipuri
aug_1_325.jpg,sattriya
aug_0_27.jpg,kathak
aug_2_513.jpg,odissi
aug_3_209.jpg,kathakali
aug_2_266.jpg,mohiniyattam
aug_2_218.jpg,kathakali
aug_0_88.jpg,manipuri
aug_1_100.jpg,manipuri
244.jpg,mohiniyattam
213.jpg,kathakali
aug_0_384.jpg,kuchipudi
412.jpg,kuchipudi
208.jpg,kathakali
aug_1_243.jpg,kathakali
aug_1_191.jpg,kathakali
aug_0_443.jpg,kuchipudi
aug_0_325.jpg,sattriya
aug_3_310.jpg,mohiniyattam
aug_2_89.jpg,manipuri
259.jpg,mohiniyattam
aug_3_1.jpg,kathak
aug_1_199.jpg,kathakali
188.jpg,kathakali
aug_2_58.jpg,kathak
aug_2_490.jpg,odissi
aug_1_476.jpg,odissi
aug_0_180.jpg,kathakali
aug_2_336.jpg,sattriya
aug_1_18.jpg,kathak
aug_2_276.jpg,mohiniyattam
aug_0_135.jpg,bharatanatyam
aug_3_37.jpg,kathak
aug_1_490.jpg,odissi
aug_2_371.jpg,sattriya
aug_2_7.jpg,kathak
aug_0_515.jpg,odissi
aug_1_260.jpg,mohiniyattam
364.jpg,sattriya
aug_3_16.jpg,kathak
391.jpg,kuchipudi
aug_0_356.jpg,sattriya
450.jpg,odissi
aug_2_422.jpg,kuchipudi
aug_0_244.jpg,mohiniyattam
265.jpg,mohiniyattam
aug_2_267.jpg,mohiniyattam
453.jpg,odissi
aug_3_515.jpg,odissi
aug_1_263.jpg,mohiniyattam
aug_2_272.jpg,mohiniyattam
aug_0_225.jpg,kathakali
aug_3_417.jpg,kuchipudi
231.jpg,kathakali
aug_2_141.jpg,bharatanatyam
aug_3_89.jpg,manipuri
aug_1_68.jpg,manipuri
aug_0_161.jpg,bharatanatyam
aug_1_248.jpg,mohiniyattam
aug_0_347.jpg,sattriya
aug_2_133.jpg,bharatanatyam
aug_2_341.jpg,sattriya
aug_0_139.jpg,bharatanatyam
aug_3_450.jpg,odissi
aug_2_427.jpg,kuchipudi
344.jpg,sattriya
aug_1_427.jpg,kuchipudi
58.jpg,kathak
aug_1_367.jpg,sattriya
aug_0_415.jpg,kuchipudi
aug_3_459.jpg,odissi
167.jpg,bharatanatyam
181.jpg,kathakali
503.jpg,odissi
aug_2_212.jpg,kathakali
aug_0_5.jpg,kathak
aug_2_73.jpg,manipuri
aug_0_413.jpg,kuchipudi
aug_3_123.jpg,bharatanatyam
aug_2_376.jpg,kuchipudi
aug_1_501.jpg,odissi
66.jpg,kathak
aug_2_174.jpg,bharatanatyam
aug_0_228.jpg,kathakali
aug_1_16.jpg,kathak
aug_1_88.jpg,manipuri
aug_0_397.jpg,kuchipudi
aug_1_37.jpg,kathak
aug_3_178.jpg,kathakali
aug_2_66.jpg,kathak
240.jpg,kathakali
aug_2_403.jpg,kuchipudi
aug_3_309.jpg,mohiniyattam
135.jpg,bharatanatyam
203.jpg,kathakali
aug_0_254.jpg,mohiniyattam
aug_1_261.jpg,mohiniyattam
aug_2_32.jpg,kathak
aug_1_209.jpg,kathakali
aug_2_102.jpg,manipuri
aug_0_74.jpg,manipuri
aug_0_185.jpg,kathakali
aug_2_24.jpg,kathak
aug_0_154.jpg,bharatanatyam
aug_1_420.jpg,kuchipudi
aug_3_403.jpg,kuchipudi
aug_1_203.jpg,kathakali
aug_0_104.jpg,manipuri
aug_2_172.jpg,bharatanatyam
aug_0_303.jpg,mohiniyattam
aug_0_70.jpg,manipuri
143.jpg,bharatanatyam
aug_3_422.jpg,kuchipudi
aug_1_197.jpg,kathakali
aug_3_74.jpg,manipuri
aug_1_247.jpg,mohiniyattam
aug_3_104.jpg,manipuri
aug_1_36.jpg,kathak
aug_1_70.jpg,manipuri
aug_1_503.jpg,odissi
aug_1_502.jpg,odissi
aug_2_413.jpg,kuchipudi
aug_1_131.jpg,bharatanatyam
aug_3_207.jpg,kathakali
aug_3_7.jpg,kathak
aug_2_509.jpg,odissi
aug_0_295.jpg,mohiniyattam
aug_2_293.jpg,mohiniyattam
aug_1_289.jpg,mohiniyattam
aug_0_266.jpg,mohiniyattam
aug_1_255.jpg,mohiniyattam
aug_2_111.jpg,manipuri
aug_1_63.jpg,kathak
aug_0_357.jpg,sattriya
aug_0_19.jpg,kathak
383.jpg,kuchipudi
aug_2_388.jpg,kuchipudi
aug_0_54.jpg,kathak
aug_2_186.jpg,kathakali
117.jpg,bharatanatyam
aug_2_369.jpg,sattriya
aug_2_474.jpg,odissi
aug_2_442.jpg,kuchipudi
365.jpg,sattriya
aug_3_342.jpg,sattriya
aug_3_454.jpg,odissi
136.jpg,bharatanatyam
500.jpg,odissi
aug_2_400.jpg,kuchipudi
aug_2_185.jpg,kathakali
aug_2_359.jpg,sattriya
aug_3_76.jpg,manipuri
aug_0_427.jpg,kuchipudi
aug_1_426.jpg,kuchipudi
142.jpg,bharatanatyam
aug_1_315.jpg,sattriya
aug_0_81.jpg,manipuri
aug_1_417.jpg,kuchipudi
81.jpg,manipuri
aug_3_32.jpg,kathak
371.jpg,sattriya
56.jpg,kathak
aug_2_84.jpg,manipuri
aug_0_83.jpg,manipuri
aug_1_384.jpg,kuchipudi
aug_0_85.jpg,manipuri
134.jpg,bharatanatyam
aug_1_30.jpg,kathak
277.jpg,mohiniyattam
aug_3_228.jpg,kathakali
362.jpg,sattriya
aug_1_430.jpg,kuchipudi
aug_0_148.jpg,bharatanatyam
aug_2_381.jpg,kuchipudi
aug_0_151.jpg,bharatanatyam
aug_2_143.jpg,bharatanatyam
aug_2_223.jpg,kathakali
aug_2_396.jpg,kuchipudi
aug_3_365.jpg,sattriya
aug_3_511.jpg,odissi
aug_1_343.jpg,sattriya
aug_2_104.jpg,manipuri
aug_3_474.jpg,odissi
aug_1_403.jpg,kuchipudi
aug_0_223.jpg,kathakali
aug_2_356.jpg,sattriya
aug_0_153.jpg,bharatanatyam
aug_3_293.jpg,mohiniyattam
aug_1_76.jpg,manipuri
aug_1_172.jpg,bharatanatyam
aug_2_100.jpg,manipuri
aug_3_339.jpg,sattriya
342.jpg,sattriya
36.jpg,kathak
aug_0_493.jpg,odissi
aug_2_357.jpg,sattriya
aug_3_404.jpg,kuchipudi
aug_3_462.jpg,odissi
aug_1_344.jpg,sattriya
393.jpg,kuchipudi
155.jpg,bharatanatyam
359.jpg,sattriya
aug_3_399.jpg,kuchipudi
aug_3_2.jpg,kathak
aug_3_211.jpg,kathakali
aug_1_304.jpg,mohiniyattam
aug_0_255.jpg,mohiniyattam
24.jpg,kathak
aug_1_5.jpg,kathak
195.jpg,kathakali
aug_0_339.jpg,sattriya
aug_3_156.jpg,bharatanatyam
aug_2_176.jpg,bharatanatyam
aug_0_409.jpg,kuchipudi
aug_0_492.jpg,odissi
aug_1_4.jpg,kathak
aug_1_453.jpg,odissi
126.jpg,bharatanatyam
aug_3_353.jpg,sattriya
aug_0_329.jpg,sattriya
aug_2_504.jpg,odissi
aug_2_222.jpg,kathakali
aug_1_303.jpg,mohiniyattam
aug_3_325.jpg,sattriya
348.jpg,sattriya
aug_1_136.jpg,bharatanatyam
aug_1_266.jpg,mohiniyattam
aug_3_391.jpg,kuchipudi
aug_0_272.jpg,mohiniyattam
aug_0_423.jpg,kuchipudi
aug_1_370.jpg,sattriya
22.jpg,kathak
aug_1_353.jpg,sattriya
aug_3_56.jpg,kathak
aug_1_142.jpg,bharatanatyam
163.jpg,bharatanatyam
376.jpg,kuchipudi
aug_1_355.jpg,sattriya
aug_2_204.jpg,kathakali
99.jpg,manipuri
aug_1_389.jpg,kuchipudi
aug_2_82.jpg,manipuri
aug_0_65.jpg,kathak
aug_1_201.jpg,kathakali
aug_0_276.jpg,mohiniyattam
aug_1_25.jpg,kathak
428.jpg,kuchipudi
aug_2_372.jpg,sattriya
aug_3_248.jpg,mohiniyattam
aug_3_47.jpg,kathak
aug_1_52.jpg,kathak
aug_3_221.jpg,kathakali
aug_0_497.jpg,odissi
aug_2_320.jpg,sattriya
aug_0_430.jpg,kuchipudi
aug_1_519.jpg,odissi
aug_1_352.jpg,sattriya
aug_1_211.jpg,kathakali
aug_2_268.jpg,mohiniyattam
aug_3_139.jpg,bharatanatyam
aug_3_176.jpg,bharatanatyam
aug_1_295.jpg,mohiniyattam
aug_3_144.jpg,bharatanatyam
aug_3_133.jpg,bharatanatyam
aug_1_213.jpg,kathakali
aug_1_339.jpg,sattriya
aug_3_499.jpg,odissi
158.jpg,bharatanatyam
423.jpg,kuchipudi
aug_3_372.jpg,sattriya
445.jpg,odissi
207.jpg,kathakali
19.jpg,kathak
aug_0_511.jpg,odissi
aug_3_177.jpg,bharatanatyam
aug_2_503.jpg,odissi
aug_2_493.jpg,odissi
221.jpg,kathakali
aug_3_84.jpg,manipuri
406.jpg,kuchipudi
aug_3_107.jpg,manipuri
aug_3_188.jpg,kathakali
aug_1_181.jpg,kathakali
aug_0_362.jpg,sattriya
aug_2_419.jpg,kuchipudi
aug_0_352.jpg,sattriya
aug_2_345.jpg,sattriya
aug_0_258.jpg,mohiniyattam
aug_0_241.jpg,kathakali
aug_2_502.jpg,odissi
aug_3_504.jpg,odissi
aug_0_348.jpg,sattriya
111.jpg,manipuri
aug_1_130.jpg,bharatanatyam
197.jpg,kathakali
aug_0_124.jpg,bharatanatyam
aug_1_511.jpg,odissi
aug_1_446.jpg,odissi
aug_0_172.jpg,bharatanatyam
418.jpg,kuchipudi
aug_1_121.jpg,bharatanatyam
452.jpg,odissi
aug_0_7.jpg,kathak
aug_0_167.jpg,bharatanatyam
aug_0_144.jpg,bharatanatyam
aug_1_116.jpg,bharatanatyam
aug_2_39.jpg,kathak
aug_1_276.jpg,mohiniyattam
4.jpg,kathak
aug_3_44.jpg,kathak
79.jpg,manipuri
aug_0_160.jpg,bharatanatyam
aug_2_236.jpg,kathakali
aug_1_287.jpg,mohiniyattam
aug_1_159.jpg,bharatanatyam
aug_3_90.jpg,manipuri
aug_2_231.jpg,kathakali
aug_2_56.jpg,kathak
aug_0_364.jpg,sattriya
aug_1_393.jpg,kuchipudi
aug_0_464.jpg,odissi
aug_0_338.jpg,sattriya
aug_3_201.jpg,kathakali
aug_3_10.jpg,kathak
aug_3_480.jpg,odissi
aug_0_66.jpg,kathak
aug_3_488.jpg,odissi
aug_0_101.jpg,manipuri
aug_0_319.jpg,sattriya
aug_1_241.jpg,kathakali
241.jpg,kathakali
252.jpg,mohiniyattam
aug_2_468.jpg,odissi
aug_0_501.jpg,odissi
aug_2_234.jpg,kathakali
aug_0_213.jpg,kathakali
aug_0_488.jpg,odissi
aug_2_464.jpg,odissi
aug_3_350.jpg,sattriya
300.jpg,mohiniyattam
aug_3_262.jpg,mohiniyattam
aug_1_135.jpg,bharatanatyam
aug_0_182.jpg,kathakali
aug_2_402.jpg,kuchipudi
aug_1_225.jpg,kathakali
aug_0_159.jpg,bharatanatyam
aug_0_96.jpg,manipuri
268.jpg,mohiniyattam
aug_0_212.jpg,kathakali
69.jpg,manipuri
369.jpg,sattriya
aug_1_422.jpg,kuchipudi
aug_3_181.jpg,kathakali
aug_0_21.jpg,kathak
aug_3_106.jpg,manipuri
aug_0_93.jpg,manipuri
aug_2_225.jpg,kathakali
65.jpg,kathak
aug_1_391.jpg,kuchipudi
72.jpg,manipuri
aug_3_478.jpg,odissi
aug_1_494.jpg,odissi
229.jpg,kathakali
aug_3_91.jpg,manipuri
aug_1_178.jpg,kathakali
aug_2_240.jpg,kathakali
419.jpg,kuchipudi
aug_2_122.jpg,bharatanatyam
aug_3_195.jpg,kathakali
aug_1_122.jpg,bharatanatyam
aug_1_137.jpg,bharatanatyam
aug_2_87.jpg,manipuri
aug_2_83.jpg,manipuri
aug_0_117.jpg,bharatanatyam
aug_2_62.jpg,kathak
aug_2_406.jpg,kuchipudi
aug_0_82.jpg,manipuri
245.jpg,mohiniyattam
aug_0_509.jpg,odissi
aug_3_452.jpg,odissi
aug_2_121.jpg,bharatanatyam
aug_3_393.jpg,kuchipudi
aug_3_427.jpg,kuchipudi
aug_3_203.jpg,kathakali
182.jpg,kathakali
aug_0_472.jpg,odissi
169.jpg,bharatanatyam
aug_1_513.jpg,odissi
225.jpg,kathakali
454.jpg,odissi
43.jpg,kathak
aug_1_149.jpg,bharatanatyam
aug_1_454.jpg,odissi
aug_3_453.jpg,odissi
aug_2_325.jpg,sattriya
218.jpg,kathakali
aug_1_244.jpg,mohiniyattam
184.jpg,kathakali
aug_0_229.jpg,kathakali
aug_3_187.jpg,kathakali
aug_3_122.jpg,bharatanatyam
aug_2_191.jpg,kathakali
aug_2_436.jpg,kuchipudi
aug_3_369.jpg,sattriya
aug_0_208.jpg,kathakali
aug_3_185.jpg,kathakali
aug_2_327.jpg,sattriya
248.jpg,mohiniyattam
236.jpg,kathakali
aug_1_483.jpg,odissi
aug_0_49.jpg,kathak
aug_3_418.jpg,kuchipudi
aug_0_248.jpg,mohiniyattam
aug_2_72.jpg,manipuri
aug_2_247.jpg,mohiniyattam
172.jpg,bharatanatyam
427.jpg,kuchipudi
aug_1_362.jpg,sattriya
aug_2_478.jpg,odissi
aug_1_24.jpg,kathak
aug_3_299.jpg,mohiniyattam
191.jpg,kathakali
384.jpg,kuchipudi
21.jpg,kathak
aug_1_185.jpg,kathakali
100.jpg,manipuri
408.jpg,kuchipudi
aug_1_1.jpg,kathak
aug_3_218.jpg,kathakali
255.jpg,mohiniyattam
aug_3_159.jpg,bharatanatyam
16.jpg,kathak
aug_0_342.jpg,sattriya
253.jpg,mohiniyattam
513.jpg,odissi
aug_2_85.jpg,manipuri
aug_2_265.jpg,mohiniyattam
29.jpg,kathak
aug_3_46.jpg,kathak
aug_0_459.jpg,odissi
aug_0_408.jpg,kuchipudi
aug_2_382.jpg,kuchipudi
223.jpg,kathakali
aug_0_496.jpg,odissi
aug_2_459.jpg,odissi
aug_1_442.jpg,kuchipudi
aug_2_511.jpg,odissi
aug_2_486.jpg,odissi
aug_0_176.jpg,bharatanatyam
233.jpg,kathakali
aug_3_333.jpg,sattriya
aug_1_56.jpg,kathak
aug_1_443.jpg,kuchipudi
395.jpg,kuchipudi
aug_3_29.jpg,kathak
aug_0_221.jpg,kathakali
aug_1_12.jpg,kathak
88.jpg,manipuri
aug_3_405.jpg,kuchipudi
aug_3_420.jpg,kuchipudi
214.jpg,kathakali
aug_0_76.jpg,manipuri
7.jpg,kathak
aug_1_253.jpg,mohiniyattam
aug_1_342.jpg,sattriya
aug_2_296.jpg,mohiniyattam
351.jpg,sattriya
aug_2_165.jpg,bharatanatyam
aug_0_426.jpg,kuchipudi
303.jpg,mohiniyattam
aug_0_359.jpg,sattriya
aug_2_237.jpg,kathakali
509.jpg,odissi
115.jpg,bharatanatyam
aug_1_281.jpg,mohiniyattam
aug_2_153.jpg,bharatanatyam
102.jpg,manipuri
aug_0_236.jpg,kathakali
397.jpg,kuchipudi
aug_3_419.jpg,kuchipudi
aug_2_343.jpg,sattriya
aug_2_180.jpg,kathakali
aug_0_207.jpg,kathakali
aug_1_223.jpg,kathakali
417.jpg,kuchipudi
aug_3_361.jpg,sattriya
aug_3_294.jpg,mohiniyattam
aug_3_222.jpg,kathakali
aug_1_321.jpg,sattriya
aug_2_298.jpg,mohiniyattam
497.jpg,odissi
aug_3_436.jpg,kuchipudi
aug_0_29.jpg,kathak
aug_0_47.jpg,kathak
aug_2_350.jpg,sattriya
aug_0_46.jpg,kathak
aug_2_308.jpg,mohiniyattam
aug_2_126.jpg,bharatanatyam
aug_2_368.jpg,sattriya
aug_3_471.jpg,odissi
aug_2_251.jpg,mohiniyattam
aug_0_75.jpg,manipuri
aug_2_497.jpg,odissi
78.jpg,manipuri
494.jpg,odissi
aug_1_471.jpg,odissi
aug_3_288.jpg,mohiniyattam
aug_2_322.jpg,sattriya
aug_2_50.jpg,kathak
aug_1_433.jpg,kuchipudi
aug_2_348.jpg,sattriya
106.jpg,manipuri
aug_1_235.jpg,kathakali
aug_1_464.jpg,odissi
307.jpg,mohiniyattam
aug_0_314.jpg,sattriya
aug_2_362.jpg,sattriya
aug_1_8.jpg,kathak
aug_1_126.jpg,bharatanatyam
443.jpg,kuchipudi
aug_1_474.jpg,odissi
aug_0_396.jpg,kuchipudi
aug_1_234.jpg,kathakali
389.jpg,kuchipudi
199.jpg,kathakali
aug_0_331.jpg,sattriya
aug_3_227.jpg,kathakali
aug_3_295.jpg,mohiniyattam
434.jpg,kuchipudi
aug_0_105.jpg,manipuri
aug_0_273.jpg,mohiniyattam
aug_0_337.jpg,sattriya
aug_0_260.jpg,mohiniyattam
aug_2_49.jpg,kathak
aug_0_111.jpg,manipuri
aug_2_31.jpg,kathak
aug_3_304.jpg,mohiniyattam
aug_3_327.jpg,sattriya
aug_0_519.jpg,odissi
127.jpg,bharatanatyam
aug_1_308.jpg,mohiniyattam
aug_1_208.jpg,kathakali
3.jpg,kathak
446.jpg,odissi
aug_1_113.jpg,bharatanatyam
aug_2_443.jpg,kuchipudi
aug_3_315.jpg,sattriya
aug_2_262.jpg,mohiniyattam
aug_1_512.jpg,odissi
aug_0_15.jpg,kathak
aug_1_333.jpg,sattriya
aug_0_205.jpg,kathakali
179.jpg,kathakali
aug_2_273.jpg,mohiniyattam
aug_0_391.jpg,kuchipudi
185.jpg,kathakali
aug_1_39.jpg,kathak
aug_0_405.jpg,kuchipudi
aug_1_179.jpg,kathakali
aug_1_144.jpg,bharatanatyam
aug_3_190.jpg,kathakali
aug_3_409.jpg,kuchipudi
333.jpg,sattriya
aug_0_435.jpg,kuchipudi
46.jpg,kathak
aug_1_151.jpg,bharatanatyam
aug_3_22.jpg,kathak
aug_1_47.jpg,kathak
aug_3_395.jpg,kuchipudi
aug_1_413.jpg,kuchipudi
aug_1_228.jpg,kathakali
aug_0_184.jpg,kathakali
aug_3_184.jpg,kathakali
aug_0_444.jpg,odissi
aug_1_382.jpg,kuchipudi
aug_2_501.jpg,odissi
304.jpg,mohiniyattam
aug_1_107.jpg,manipuri
aug_1_49.jpg,kathak
aug_2_496.jpg,odissi
404.jpg,kuchipudi
aug_1_299.jpg,mohiniyattam
aug_3_483.jpg,odissi
aug_1_65.jpg,kathak
aug_2_148.jpg,bharatanatyam
42.jpg,kathak
aug_3_469.jpg,odissi
aug_1_445.jpg,odissi
aug_2_420.jpg,kuchipudi
aug_3_331.jpg,sattriya
44.jpg,kathak
483.jpg,odissi
aug_2_79.jpg,manipuri
aug_1_26.jpg,kathak
160.jpg,bharatanatyam
aug_0_42.jpg,kathak
405.jpg,kuchipudi
388.jpg,kuchipudi
aug_2_187.jpg,kathakali
aug_3_141.jpg,bharatanatyam
aug_2_377.jpg,kuchipudi
aug_1_98.jpg,manipuri
104.jpg,manipuri
aug_1_357.jpg,sattriya
aug_1_488.jpg,odissi
aug_2_344.jpg,sattriya
aug_0_289.jpg,mohiniyattam
aug_0_131.jpg,bharatanatyam
aug_1_231.jpg,kathakali
aug_3_338.jpg,sattriya
177.jpg,bharatanatyam
444.jpg,odissi
aug_2_338.jpg,sattriya
aug_1_103.jpg,manipuri
aug_3_396.jpg,kuchipudi
aug_2_454.jpg,odissi
aug_3_259.jpg,mohiniyattam
aug_1_455.jpg,odissi
aug_3_435.jpg,kuchipudi
aug_3_397.jpg,kuchipudi
aug_2_244.jpg,mohiniyattam
aug_2_252.jpg,mohiniyattam
aug_0_89.jpg,manipuri
aug_0_388.jpg,kuchipudi
166.jpg,bharatanatyam
311.jpg,mohiniyattam
aug_0_214.jpg,kathakali
aug_2_445.jpg,odissi
aug_1_400.jpg,kuchipudi
aug_2_182.jpg,kathakali
aug_3_137.jpg,bharatanatyam
103.jpg,manipuri
aug_2_393.jpg,kuchipudi
aug_3_296.jpg,mohiniyattam
aug_1_111.jpg,manipuri
aug_1_212.jpg,kathakali
aug_0_252.jpg,mohiniyattam
aug_2_233.jpg,kathakali
aug_2_494.jpg,odissi
aug_1_139.jpg,bharatanatyam
aug_2_449.jpg,odissi
37.jpg,kathak
aug_3_99.jpg,manipuri
aug_3_65.jpg,kathak
aug_2_190.jpg,kathakali
aug_2_412.jpg,kuchipudi
449.jpg,odissi
aug_2_481.jpg,odissi
474.jpg,odissi
aug_0_242.jpg,kathakali
aug_1_166.jpg,bharatanatyam
aug_2_489.jpg,odissi
aug_1_415.jpg,kuchipudi
aug_3_167.jpg,bharatanatyam
aug_3_348.jpg,sattriya
aug_1_516.jpg,odissi
aug_1_351.jpg,sattriya
50.jpg,kathak
aug_3_15.jpg,kathak
aug_0_113.jpg,bharatanatyam
aug_3_272.jpg,mohiniyattam
aug_2_295.jpg,mohiniyattam
aug_0_10.jpg,kathak
aug_1_117.jpg,bharatanatyam
aug_2_353.jpg,sattriya
aug_3_402.jpg,kuchipudi
159.jpg,bharatanatyam
aug_2_328.jpg,sattriya
aug_1_491.jpg,odissi
aug_1_336.jpg,sattriya
aug_0_355.jpg,sattriya
372.jpg,sattriya
aug_2_462.jpg,odissi
aug_0_190.jpg,kathakali
aug_2_263.jpg,mohiniyattam
aug_0_481.jpg,odissi
468.jpg,odissi
aug_2_142.jpg,bharatanatyam
aug_0_466.jpg,odissi
aug_1_187.jpg,kathakali
aug_2_342.jpg,sattriya
aug_3_321.jpg,sattriya
aug_1_334.jpg,sattriya
aug_1_230.jpg,kathakali
aug_1_10.jpg,kathak
aug_1_408.jpg,kuchipudi
aug_1_79.jpg,manipuri
120.jpg,bharatanatyam
309.jpg,mohiniyattam
116.jpg,bharatanatyam
aug_2_250.jpg,mohiniyattam
aug_2_179.jpg,kathakali
aug_1_258.jpg,mohiniyattam
aug_0_247.jpg,mohiniyattam
aug_2_81.jpg,manipuri
aug_2_321.jpg,sattriya
aug_0_188.jpg,kathakali
aug_1_397.jpg,kuchipudi
aug_1_361.jpg,sattriya
493.jpg,odissi
aug_1_81.jpg,manipuri
aug_2_65.jpg,kathak
488.jpg,odissi
aug_1_288.jpg,mohiniyattam
aug_0_321.jpg,sattriya
aug_3_298.jpg,mohiniyattam
aug_3_512.jpg,odissi
aug_3_433.jpg,kuchipudi
aug_3_412.jpg,kuchipudi
334.jpg,sattriya
aug_1_395.jpg,kuchipudi
aug_2_279.jpg,mohiniyattam
aug_3_314.jpg,sattriya
aug_0_26.jpg,kathak
aug_1_294.jpg,mohiniyattam
335.jpg,sattriya
315.jpg,sattriya
aug_0_436.jpg,kuchipudi
aug_2_282.jpg,mohiniyattam
aug_3_36.jpg,kathak
aug_2_74.jpg,manipuri
aug_0_279.jpg,mohiniyattam
aug_0_404.jpg,kuchipudi
aug_3_481.jpg,odissi
aug_2_399.jpg,kuchipudi
aug_0_87.jpg,manipuri
aug_1_127.jpg,bharatanatyam
aug_0_490.jpg,odissi
aug_3_75.jpg,manipuri
aug_2_243.jpg,kathakali
aug_3_430.jpg,kuchipudi
aug_2_68.jpg,manipuri
436.jpg,kuchipudi
31.jpg,kathak
aug_0_36.jpg,kathak
aug_2_140.jpg,bharatanatyam
511.jpg,odissi
451.jpg,odissi
426.jpg,kuchipudi
aug_0_312.jpg,mohiniyattam
113.jpg,bharatanatyam
aug_3_276.jpg,mohiniyattam
282.jpg,mohiniyattam
aug_0_44.jpg,kathak
aug_3_87.jpg,manipuri
aug_1_221.jpg,kathakali
aug_0_257.jpg,mohiniyattam
aug_2_313.jpg,sattriya
aug_1_164.jpg,bharatanatyam
aug_3_442.jpg,kuchipudi
aug_1_123.jpg,bharatanatyam
aug_2_395.jpg,kuchipudi
aug_0_387.jpg,kuchipudi
272.jpg,mohiniyattam
aug_3_307.jpg,mohiniyattam
aug_1_372.jpg,sattriya
aug_2_161.jpg,bharatanatyam
aug_0_60.jpg,kathak
211.jpg,kathakali
aug_2_197.jpg,kathakali
aug_1_165.jpg,bharatanatyam
aug_1_169.jpg,bharatanatyam
aug_0_94.jpg,manipuri
aug_1_466.jpg,odissi
aug_2_310.jpg,mohiniyattam
314.jpg,sattriya
aug_1_154.jpg,bharatanatyam
aug_2_77.jpg,manipuri
aug_1_218.jpg,kathakali
168.jpg,bharatanatyam
